score_source,runs,avg_f1,std_f1,avg_roc_auc,avg_pr_auc,avg_best_f1,worst_f1,rank_by_f1
ensemble,54,0.571586,0.411855,0.908342,0.691395,0.767981,0.0,1
iforest,54,0.517901,0.370504,0.816471,0.756119,0.762241,0.0,2
ocsvm,54,0.502315,0.374678,0.825229,0.726535,0.733763,0.0,3
lof,54,0.3625,0.368345,0.77859,0.558538,0.586708,0.0,4
