score_source,runs,avg_f1,std_f1,avg_roc_auc,avg_pr_auc,avg_best_f1,worst_f1,rank_by_f1
ensemble,54,0.555722,0.435416,0.906748,0.681105,0.762072,0.0,1
iforest,54,0.519444,0.371308,0.814679,0.756513,0.761918,0.0,2
ocsvm,54,0.51713,0.367032,0.821398,0.726421,0.72773,0.0,3
lof,54,0.384259,0.378624,0.78812,0.584171,0.605042,0.0,4
