run,datasets,avg_f1,avg_roc_auc,avg_pr_auc
before_merge_expanded_lodo,10,0.07248800000000001,0.58038,0.17110609999999998
after_merge_expanded_lodo,10,0.12702850000000002,0.5726856,0.20635409999999998
delta_after_minus_before,0,0.054540500000000006,-0.00769439999999999,0.035248
