score_source,runs,avg_f1,std_f1,avg_roc_auc,avg_pr_auc,avg_best_f1,worst_f1,rank_by_f1
ocsvm,1,0.111857,0.0,0.570411,0.104408,0.111857,0.111857,1
lof,1,0.105145,0.0,0.645226,0.119506,0.105145,0.105145,2
iforest,1,0.076063,0.0,0.541557,0.086866,0.076063,0.076063,3
ensemble,1,0.0,0.0,0.488391,0.071858,0.0,0.0,4
